ID, FirstName, LastName, Age, City, Country, Department
1, Jane, Smith, 19, San Antonio, USA, Sales
2, James, Davis, 55, New York, Italy, Sales
3, Michael, Brown, 62, Chicago, USA, Engineering
4, Jane, Smith, 45, Houston, Chile, IT
5, Emily, Williams, 46, San Diego, France, Operations
6, John, Wilson, 19, San Antonio, Germany, Customer Service
7, William, Wilson, 48, Dallas, USA, Operations
8, John, Johnson, 56, San Jose, Canada, Finance
9, Michael, Wilson, 54, Houston, USA, Sales
10, Olivia, Wilson, 56, San Antonio, UK, Customer Service
11, John, Smith, 50, Dallas, Germany, Sales
12, Michael, Johnson, 32, San Antonio, France, IT
13, Emma, Smith, 42, Phoenix, UK, Customer Service
14, Sarah, Wilson, 47, Philadelphia, USA, IT
15, James, Davis, 62, San Antonio, Chile, IT
16, David, Johnson, 57, Los Angeles, Canada, Administration
17, Jane, Wilson, 55, San Antonio, Argentina, Administration
18, Jane, Davis, 35, San Antonio, USA, Legal
19, William, Jones, 36, Dallas, Mexico, Marketing
20, Emma, Taylor, 60, San Antonio, Brazil, Sales
21, William, Moore, 52, Phoenix, Italy, Finance
22, Sarah, Wilson, 39, San Antonio, Italy, Finance
23, William, Taylor, 38, San Antonio, Chile, Finance
24, Emily, Davis, 46, Philadelphia, Brazil, HR
25, John, Davis, 62, Phoenix, France, HR
26, John, Jones, 62, Chicago, Argentina, Marketing
27, Emily, Moore, 54, Philadelphia, Brazil, Finance
28, John, Taylor, 41, Philadelphia, Canada, Sales
29, Emily, Taylor, 40, Philadelphia, Mexico, Finance
30, John, Wilson, 28, Chicago, Brazil, Customer Service
31, David, Jones, 42, Dallas, Germany, Customer Service
32, Olivia, Smith, 43, Phoenix, Germany, Marketing
33, Jane, Miller, 45, San Diego, Brazil, Finance
34, William, Miller, 39, Dallas, Chile, Marketing
35, William, Davis, 23, San Diego, UK, Customer Service
36, James, Williams, 43, Houston, Argentina, Engineering
37, William, Brown, 57, New York, USA, Administration
38, Olivia, Miller, 27, Chicago, Canada, IT
39, Emily, Smith, 35, San Antonio, Germany, Customer Service
40, William, Miller, 25, Houston, Argentina, HR
41, Emma, Wilson, 27, New York, Canada, Legal
42, William, Miller, 46, Dallas, Mexico, HR
43, John, Brown, 51, San Jose, Brazil, Customer Service
44, Michael, Wilson, 34, San Diego, Brazil, Operations
45, John, Johnson, 25, Philadelphia, Mexico, Operations
46, John, Jones, 37, Philadelphia, Chile, Finance
47, Michael, Miller, 24, Dallas, Chile, Marketing
48, Emma, Wilson, 39, San Jose, Brazil, Legal
49, Michael, Williams, 59, Chicago, Brazil, Legal
50, Emma, Brown, 27, New York, Italy, Customer Service
51, David, Taylor, 50, Los Angeles, Canada, Customer Service
52, Jane, Jones, 49, San Jose, Mexico, Operations
53, Michael, Taylor, 24, San Antonio, UK, Engineering
54, John, Miller, 50, Phoenix, Argentina, HR
55, Emma, Taylor, 51, Los Angeles, Italy, Legal
56, Jane, Smith, 34, San Jose, Brazil, Operations
57, John, Williams, 25, Los Angeles, UK, Finance
58, John, Taylor, 64, San Antonio, Italy, Engineering
59, Emily, Wilson, 47, Los Angeles, France, Operations
60, Emma, Williams, 45, New York, USA, Customer Service
61, Sarah, Miller, 39, Phoenix, Canada, Legal
62, Sarah, Johnson, 24, San Jose, Brazil, Legal
63, David, Wilson, 20, Chicago, USA, Finance
64, William, Smith, 36, Houston, UK, Customer Service
65, John, Davis, 20, Chicago, Chile, Sales
66, Michael, Miller, 38, San Diego, Mexico, Marketing
67, Jane, Brown, 58, Philadelphia, UK, Marketing
68, Jane, Smith, 57, Dallas, Italy, Finance
69, John, Smith, 25, Chicago, Germany, Legal
70, William, Moore, 38, New York, Argentina, Marketing
71, David, Jones, 20, San Jose, Mexico, Engineering
72, David, Moore, 29, Dallas, Chile, Engineering
73, David, Jones, 21, Chicago, Mexico, Legal
74, John, Moore, 46, Chicago, UK, Customer Service
75, Michael, Davis, 30, Phoenix, Italy, Marketing
76, Emma, Wilson, 53, Chicago, France, Administration
77, William, Miller, 22, San Diego, Brazil, Finance
78, David, Brown, 60, New York, Italy, HR
79, William, Johnson, 27, Houston, Italy, Engineering
80, David, Smith, 45, San Antonio, UK, IT
81, Emma, Taylor, 42, San Diego, Argentina, Operations
82, Michael, Johnson, 31, Philadelphia, France, Operations
83, Jane, Davis, 21, Houston, Germany, Engineering
84, James, Smith, 34, New York, Italy, Finance
85, Emma, Wilson, 42, San Antonio, Mexico, Finance
86, Emma, Brown, 36, San Antonio, Argentina, Legal
87, John, Williams, 50, Los Angeles, Chile, Finance
88, Michael, Miller, 21, Houston, France, Legal
89, Olivia, Moore, 55, Houston, Mexico, Customer Service
90, Olivia, Jones, 59, Phoenix, Mexico, HR
91, Sarah, Brown, 43, New York, Brazil, Sales
92, Emily, Wilson, 23, San Jose, Italy, Sales
93, Emily, Jones, 50, Los Angeles, Mexico, Administration
94, David, Brown, 57, San Jose, Chile, IT
95, Emily, Moore, 22, San Antonio, France, Operations
96, Sarah, Brown, 29, San Antonio, Brazil, HR
97, James, Brown, 23, Dallas, Mexico, HR
98, William, Davis, 26, San Diego, Brazil, HR
99, James, Jones, 56, Houston, Brazil, Marketing
100, John, Williams, 61, New York, Argentina, HR
101, John, Smith, 28, Dallas, Canada, Legal
102, William, Miller, 54, Dallas, Germany, Administration
103, Emma, Williams, 40, San Diego, Canada, Operations
104, Michael, Smith, 64, Houston, France, Administration
105, William, Johnson, 38, San Jose, Chile, Engineering
106, Michael, Smith, 47, Phoenix, Chile, IT
107, Emily, Smith, 64, Chicago, UK, IT
108, John, Wilson, 30, Dallas, Brazil, Legal
109, James, Smith, 55, Los Angeles, USA, Operations
110, Jane, Taylor, 44, Philadelphia, Mexico, Marketing
111, Emily, Taylor, 40, San Antonio, USA, Operations
112, John, Moore, 61, San Antonio, USA, Sales
113, Emma, Jones, 62, New York, Chile, Finance
114, John, Jones, 41, San Jose, Italy, Engineering
115, Emily, Wilson, 50, San Jose, Mexico, HR
116, Emma, Williams, 48, Philadelphia, Canada, Administration
117, Sarah, Moore, 29, Los Angeles, Mexico, Finance
118, John, Johnson, 58, San Diego, Italy, Sales
119, Jane, Moore, 35, San Jose, Chile, Legal
120, Olivia, Johnson, 49, Houston, UK, HR
121, James, Wilson, 64, San Diego, Germany, Legal
122, James, Davis, 52, Los Angeles, USA, Engineering
123, John, Smith, 32, Houston, Brazil, IT
124, Emma, Williams, 30, Chicago, Argentina, Customer Service
125, Emma, Jones, 44, San Diego, Brazil, Sales
126, Olivia, Davis, 25, Philadelphia, Argentina, IT
127, Sarah, Brown, 41, Chicago, Argentina, Engineering
128, John, Davis, 27, Dallas, UK, Operations
129, Olivia, Taylor, 38, Phoenix, Mexico, Marketing
130, David, Johnson, 50, San Antonio, Canada, Marketing
131, James, Smith, 42, Phoenix, Brazil, Customer Service
132, John, Miller, 57, Phoenix, Germany, Sales
133, John, Moore, 26, Philadelphia, Chile, IT
134, David, Davis, 62, San Diego, Canada, Engineering
135, Michael, Miller, 28, San Antonio, Argentina, IT
136, Michael, Moore, 62, Chicago, Argentina, Operations
137, James, Taylor, 52, San Diego, France, IT
138, Sarah, Miller, 42, Los Angeles, Argentina, IT
139, James, Brown, 23, Dallas, Canada, Customer Service
140, Olivia, Taylor, 64, San Antonio, Germany, Operations
141, Olivia, Moore, 53, San Diego, Canada, Finance
142, Michael, Williams, 29, Houston, Brazil, Operations
143, Sarah, Smith, 62, San Antonio, UK, HR
144, John, Miller, 49, San Antonio, USA, Engineering
145, Emily, Smith, 26, New York, Germany, Administration
146, John, Williams, 18, Dallas, UK, Legal
147, Sarah, Davis, 37, Dallas, Argentina, Operations
148, Michael, Davis, 45, San Jose, Argentina, IT
149, William, Williams, 21, Los Angeles, Argentina, Legal
150, Emily, Wilson, 36, San Diego, Canada, Marketing
151, James, Smith, 60, Houston, USA, Operations
152, Sarah, Jones, 25, New York, Argentina, Operations
153, Emily, Brown, 63, Houston, France, Engineering
154, Jane, Brown, 35, Phoenix, Argentina, Engineering
155, Michael, Jones, 42, Phoenix, Brazil, Customer Service
156, Jane, Williams, 43, Philadelphia, Brazil, Customer Service
157, David, Brown, 55, New York, Mexico, Legal
158, Emily, Smith, 60, Los Angeles, France, Marketing
159, Sarah, Jones, 59, Houston, Mexico, IT
160, David, Moore, 23, Los Angeles, UK, HR
161, David, Davis, 53, San Antonio, Chile, Sales
162, Olivia, Moore, 38, Philadelphia, USA, HR
163, William, Johnson, 47, San Antonio, Mexico, Customer Service
164, David, Brown, 59, Chicago, Chile, HR
165, Michael, Jones, 39, San Diego, Argentina, Sales
166, Michael, Williams, 27, San Jose, Brazil, Sales
167, James, Davis, 33, Los Angeles, Germany, Administration
168, Emily, Wilson, 52, Houston, Chile, Customer Service
169, James, Smith, 18, Los Angeles, Germany, Marketing
170, Emily, Williams, 40, Los Angeles, Canada, Customer Service
171, Michael, Taylor, 63, Philadelphia, France, Finance
172, William, Davis, 31, San Jose, Argentina, Engineering
173, Michael, Williams, 31, New York, France, Administration
174, William, Moore, 61, San Antonio, Argentina, Administration
175, Sarah, Jones, 48, San Diego, France, Operations
176, Jane, Williams, 23, San Diego, Italy, Customer Service
177, John, Brown, 63, San Diego, Canada, Customer Service
178, Emma, Davis, 39, San Antonio, Argentina, Administration
179, Emily, Miller, 21, San Antonio, Italy, Engineering
180, Sarah, Wilson, 39, Houston, France, HR
181, Emma, Taylor, 30, Dallas, France, Operations
182, Sarah, Davis, 47, Chicago, Chile, Customer Service
183, Emma, Brown, 59, Houston, Argentina, Sales
184, Michael, Smith, 40, San Jose, UK, Customer Service
185, Jane, Johnson, 29, New York, USA, Customer Service
186, James, Johnson, 59, Houston, Chile, Legal
187, Michael, Taylor, 20, Dallas, UK, Legal
188, Olivia, Miller, 55, New York, Argentina, Marketing
189, Emily, Brown, 57, Chicago, Germany, Marketing
190, James, Johnson, 46, Houston, Canada, Sales
191, Emily, Davis, 32, Philadelphia, Germany, Customer Service
192, Sarah, Williams, 53, San Diego, UK, Finance
193, Emily, Jones, 30, San Diego, Italy, Operations
194, Olivia, Johnson, 61, Los Angeles, Italy, Finance
195, James, Miller, 58, San Jose, Argentina, HR
196, David, Miller, 40, San Diego, USA, Marketing
197, James, Wilson, 22, San Jose, Germany, Engineering
198, John, Miller, 27, San Diego, Canada, HR
199, John, Miller, 39, San Diego, UK, IT
200, Olivia, Moore, 44, Dallas, UK, Operations
201, Sarah, Taylor, 34, New York, Argentina, Finance
202, David, Wilson, 53, Chicago, Germany, Marketing
203, Emma, Jones, 41, Philadelphia, France, IT
204, Olivia, Brown, 38, Chicago, Chile, IT
205, James, Williams, 36, San Diego, Mexico, Legal
206, Emily, Miller, 39, Philadelphia, UK, Legal
207, Sarah, Davis, 51, Chicago, Chile, Sales
208, David, Miller, 60, Philadelphia, Italy, Administration
209, David, Davis, 47, Chicago, Italy, Legal
210, Emily, Smith, 41, San Jose, Chile, Operations
211, Sarah, Taylor, 45, Houston, Germany, Legal
212, James, Johnson, 20, Philadelphia, Germany, Administration
213, Michael, Brown, 22, Chicago, France, Legal
214, Olivia, Brown, 40, Phoenix, Canada, IT
215, Emily, Williams, 63, Philadelphia, Mexico, Administration
216, Jane, Taylor, 25, Houston, Brazil, HR
217, Olivia, Johnson, 32, Houston, Argentina, Administration
218, John, Jones, 63, Philadelphia, Italy, Finance
219, David, Davis, 45, Dallas, Germany, Marketing
220, Sarah, Taylor, 58, Chicago, USA, Engineering
221, Emily, Miller, 30, Los Angeles, Canada, Sales
222, Sarah, Taylor, 42, San Antonio, USA, Engineering
223, James, Taylor, 64, San Jose, Italy, Sales
224, Olivia, Johnson, 35, San Jose, Argentina, Administration
225, William, Taylor, 26, Houston, Canada, Marketing
226, John, Taylor, 37, New York, Italy, IT
227, Jane, Jones, 34, Phoenix, USA, Engineering
228, Emma, Jones, 19, San Diego, Italy, Finance
229, Michael, Smith, 25, Chicago, Germany, Customer Service
230, David, Williams, 32, San Jose, Brazil, Administration
231, Sarah, Brown, 44, San Diego, Germany, Engineering
232, John, Wilson, 38, Houston, Italy, Sales
233, John, Brown, 60, Phoenix, France, Sales
234, David, Miller, 31, Phoenix, UK, Sales
235, David, Smith, 49, Phoenix, Argentina, Legal
236, John, Jones, 60, Dallas, UK, IT
237, Michael, Moore, 39, Philadelphia, UK, Sales
238, Sarah, Taylor, 29, Houston, Chile, HR
239, Sarah, Davis, 54, San Antonio, Italy, HR
240, David, Williams, 37, San Antonio, Mexico, Engineering
241, John, Brown, 42, Phoenix, Chile, Administration
242, Jane, Brown, 33, San Diego, Chile, Administration
243, James, Wilson, 21, Philadelphia, UK, Marketing
244, Sarah, Wilson, 34, Phoenix, Chile, Operations
245, James, Wilson, 35, Philadelphia, Mexico, Operations
246, William, Wilson, 48, Phoenix, France, Sales
247, Sarah, Brown, 25, Phoenix, Mexico, Finance
248, Michael, Jones, 41, Philadelphia, Mexico, Customer Service
249, Jane, Moore, 57, San Jose, Mexico, Marketing
250, William, Williams, 63, San Antonio, Brazil, Finance
251, Emma, Miller, 63, San Antonio, USA, Sales
252, Jane, Taylor, 33, New York, Brazil, Sales
253, Emily, Wilson, 50, San Diego, Mexico, Sales
254, Michael, Miller, 60, Houston, Mexico, IT
255, William, Brown, 53, San Antonio, France, Finance
256, James, Moore, 62, Dallas, Mexico, HR
257, Sarah, Smith, 39, Dallas, Mexico, Legal
258, William, Davis, 44, San Diego, France, HR
259, William, Wilson, 55, Philadelphia, UK, Engineering
260, David, Moore, 57, San Antonio, France, Finance
261, William, Wilson, 21, Phoenix, USA, Customer Service
262, Jane, Taylor, 26, San Antonio, Chile, Finance
263, Michael, Smith, 36, San Diego, UK, Sales
264, Jane, Wilson, 64, San Jose, Germany, Administration
265, Emma, Williams, 35, Chicago, USA, HR
266, John, Johnson, 25, Chicago, UK, HR
267, Emma, Miller, 40, San Antonio, Brazil, Operations
268, Emily, Davis, 32, Houston, Brazil, Administration
269, John, Wilson, 28, Houston, UK, Legal
270, Emily, Davis, 59, Houston, UK, Finance
271, William, Taylor, 24, Dallas, Canada, Finance
272, Emily, Williams, 26, New York, Italy, Customer Service
273, Michael, Brown, 33, San Antonio, France, Legal
274, David, Brown, 63, San Diego, Brazil, Sales
275, Sarah, Taylor, 29, San Jose, Germany, Marketing
276, Sarah, Taylor, 34, Dallas, Canada, Legal
277, Olivia, Taylor, 42, Los Angeles, UK, Legal
278, David, Johnson, 45, San Diego, Italy, Engineering
279, Michael, Miller, 33, Los Angeles, Canada, Marketing
280, David, Williams, 41, San Jose, USA, Finance
281, John, Miller, 51, Phoenix, Italy, Administration
282, Emily, Smith, 33, New York, France, HR
283, Emma, Davis, 22, Los Angeles, Italy, Finance
284, John, Taylor, 30, San Diego, UK, Engineering
285, John, Johnson, 64, San Jose, Mexico, Engineering
286, Sarah, Wilson, 36, San Diego, Chile, Marketing
287, William, Miller, 35, New York, Germany, Finance
288, William, Jones, 26, San Antonio, Canada, Engineering
289, Jane, Davis, 19, San Antonio, Chile, HR
290, William, Jones, 40, New York, UK, HR
291, Olivia, Williams, 44, New York, USA, Administration
292, Olivia, Wilson, 45, Phoenix, UK, Legal
293, Emily, Moore, 30, Houston, Brazil, HR
294, Jane, Moore, 60, San Jose, USA, IT
295, Michael, Wilson, 45, Chicago, France, Marketing
296, Jane, Miller, 19, San Antonio, Chile, Engineering
297, William, Johnson, 35, San Antonio, Argentina, Legal
298, John, Jones, 58, San Antonio, USA, IT
299, John, Miller, 37, Houston, Italy, Operations
300, Emma, Smith, 24, San Antonio, Italy, IT
301, Emma, Wilson, 48, Phoenix, Argentina, Engineering
302, Sarah, Miller, 29, San Jose, Canada, Operations
303, John, Williams, 46, Philadelphia, France, Legal
304, Michael, Johnson, 38, Chicago, Mexico, Finance
305, Olivia, Brown, 38, San Diego, USA, HR
306, William, Williams, 49, San Diego, Chile, Administration
307, James, Johnson, 45, Los Angeles, Italy, Operations
308, James, Miller, 24, Phoenix, Germany, Engineering
309, Emily, Wilson, 44, Chicago, Canada, IT
310, Emily, Johnson, 50, Houston, Canada, Sales
311, Sarah, Miller, 30, San Antonio, USA, Customer Service
312, Michael, Jones, 21, Houston, Chile, Administration
313, James, Williams, 37, New York, Italy, Administration
314, Emily, Smith, 32, New York, UK, Sales
315, Jane, Williams, 60, San Diego, UK, Operations
316, Emma, Jones, 26, Chicago, USA, Finance
317, Jane, Miller, 48, Chicago, UK, Administration
318, Emma, Williams, 40, New York, Italy, HR
319, Emma, Wilson, 21, New York, France, Sales
320, James, Wilson, 62, New York, Germany, Sales
321, Jane, Johnson, 51, Los Angeles, France, Engineering
322, James, Williams, 38, San Jose, Mexico, Engineering
323, Michael, Williams, 20, Dallas, USA, HR
324, Michael, Taylor, 40, Chicago, USA, Administration
325, James, Brown, 41, San Diego, Mexico, Engineering
326, Sarah, Davis, 64, San Jose, USA, Administration
327, Emma, Davis, 33, Houston, Germany, Operations
328, Michael, Brown, 34, San Jose, Italy, Administration
329, James, Williams, 50, New York, USA, Sales
330, John, Williams, 37, Philadelphia, Chile, Administration
331, Emma, Brown, 63, Los Angeles, Canada, Sales
332, Olivia, Williams, 62, San Diego, France, Sales
333, John, Johnson, 43, Phoenix, Mexico, Legal
334, David, Davis, 29, New York, Mexico, IT
335, John, Davis, 28, Los Angeles, Italy, Marketing
336, Sarah, Wilson, 20, Houston, Argentina, Customer Service
337, Emily, Wilson, 43, Phoenix, Brazil, HR
338, Emma, Miller, 64, Dallas, Germany, HR
339, Jane, Miller, 52, San Diego, USA, Operations
340, Emma, Johnson, 60, Dallas, Italy, Legal
341, Sarah, Brown, 51, San Antonio, USA, Marketing
342, Olivia, Smith, 41, San Antonio, Chile, Operations
343, Jane, Johnson, 56, Chicago, Argentina, Customer Service
344, James, Davis, 57, Dallas, Chile, Marketing
345, David, Miller, 20, San Jose, Argentina, Administration
346, William, Davis, 27, Dallas, Chile, Customer Service
347, John, Johnson, 49, Los Angeles, USA, Customer Service
348, John, Wilson, 50, Dallas, Chile, Operations
349, Jane, Smith, 29, Houston, USA, Administration
350, Jane, Taylor, 51, Philadelphia, Chile, Marketing
351, David, Miller, 50, Houston, Mexico, Marketing
352, Jane, Taylor, 19, San Diego, Brazil, Marketing
353, Sarah, Jones, 28, Philadelphia, UK, Legal
354, William, Williams, 22, Philadelphia, Italy, Administration
355, Sarah, Davis, 55, Chicago, Canada, Legal
356, Michael, Williams, 30, Dallas, Italy, Operations
357, William, Brown, 62, Houston, USA, Legal
358, John, Williams, 52, New York, Italy, Engineering
359, Michael, Jones, 63, Philadelphia, USA, Customer Service
360, William, Williams, 34, San Diego, Canada, Customer Service
361, William, Moore, 48, Philadelphia, Mexico, Finance
362, John, Jones, 54, Chicago, USA, Administration
363, Jane, Jones, 20, New York, Chile, Sales
364, Emily, Williams, 56, Phoenix, USA, Administration
365, James, Jones, 21, San Jose, Germany, Customer Service
366, Emma, Johnson, 53, Philadelphia, Chile, Operations
367, James, Moore, 49, Phoenix, Germany, Engineering
368, William, Miller, 48, San Diego, USA, Administration
369, Emily, Moore, 24, Houston, USA, Marketing
370, John, Davis, 21, New York, Chile, Customer Service
371, Emily, Brown, 61, Phoenix, Brazil, Engineering
372, Emily, Miller, 25, Philadelphia, Argentina, HR
373, Michael, Johnson, 19, Houston, USA, Operations
374, Emma, Williams, 37, Phoenix, Canada, Legal
375, Michael, Wilson, 44, Dallas, Brazil, Operations
376, Sarah, Williams, 21, Philadelphia, UK, HR
377, Michael, Brown, 31, San Antonio, UK, Customer Service
378, Emma, Taylor, 33, Houston, Brazil, Operations
379, Michael, Miller, 22, Los Angeles, Canada, Marketing
380, Jane, Wilson, 39, Los Angeles, Canada, Marketing
381, Michael, Jones, 36, Philadelphia, UK, Marketing
382, William, Davis, 18, Houston, Mexico, Operations
383, Emma, Wilson, 20, San Jose, Germany, HR
384, Emily, Moore, 52, San Jose, Mexico, Customer Service
385, Emily, Miller, 61, San Diego, Canada, Customer Service
386, Michael, Williams, 38, Los Angeles, France, HR
387, Olivia, Smith, 53, Houston, France, Finance
388, David, Johnson, 28, Dallas, USA, IT
389, James, Davis, 45, San Jose, Chile, Sales
390, Olivia, Moore, 64, Chicago, Mexico, Finance
391, Emma, Brown, 43, Los Angeles, Mexico, Marketing
392, John, Smith, 64, San Diego, Italy, Sales
393, James, Williams, 33, Philadelphia, USA, Customer Service
394, Michael, Miller, 52, Houston, Argentina, IT
395, Emily, Jones, 48, Houston, UK, Marketing
396, Emily, Wilson, 57, San Jose, Chile, Administration
397, John, Jones, 55, Los Angeles, France, Customer Service
398, Sarah, Smith, 41, San Jose, Canada, IT
399, David, Miller, 53, San Jose, UK, Marketing
400, John, Brown, 35, Los Angeles, USA, HR
401, John, Johnson, 53, Philadelphia, Brazil, Customer Service
402, William, Jones, 61, San Jose, Brazil, Marketing
403, Jane, Johnson, 33, Los Angeles, USA, Finance
404, Jane, Brown, 33, Philadelphia, Argentina, Marketing
405, Olivia, Johnson, 54, Phoenix, Brazil, Marketing
406, Olivia, Brown, 25, San Diego, Italy, Administration
407, Emily, Williams, 41, Dallas, Germany, Operations
408, Michael, Smith, 43, Los Angeles, Brazil, IT
409, William, Smith, 53, Los Angeles, Argentina, Customer Service
410, William, Brown, 63, Philadelphia, Italy, IT
411, James, Smith, 50, San Diego, Brazil, IT
412, Michael, Williams, 62, Philadelphia, Canada, Marketing
413, Jane, Davis, 49, San Diego, USA, Engineering
414, David, Taylor, 61, Los Angeles, Canada, Finance
415, Emily, Williams, 55, Los Angeles, Mexico, Sales
416, Sarah, Brown, 55, Chicago, Canada, IT
417, David, Brown, 21, Dallas, France, Operations
418, Olivia, Davis, 21, Dallas, Brazil, Customer Service
419, Michael, Smith, 47, New York, Canada, Administration
420, Olivia, Jones, 60, Chicago, Italy, Engineering
421, Emma, Davis, 42, Philadelphia, France, Sales
422, Olivia, Davis, 56, San Antonio, Mexico, Finance
423, Jane, Taylor, 27, Philadelphia, Germany, Finance
424, James, Davis, 59, Phoenix, Germany, Engineering
425, Emily, Jones, 43, Dallas, Germany, Marketing
426, William, Johnson, 33, Philadelphia, Argentina, HR
427, Michael, Moore, 47, Philadelphia, UK, Customer Service
428, James, Smith, 37, Philadelphia, USA, Legal
429, Michael, Smith, 43, San Jose, UK, Operations
430, John, Smith, 42, Houston, Canada, Legal
431, David, Wilson, 38, Houston, Mexico, Finance
432, John, Moore, 51, Houston, Argentina, Sales
433, Emma, Jones, 24, San Diego, UK, HR
434, James, Wilson, 53, Philadelphia, Chile, Customer Service
435, Sarah, Johnson, 50, San Diego, Mexico, Sales
436, John, Miller, 47, New York, Mexico, IT
437, Michael, Johnson, 52, Philadelphia, Canada, Operations
438, John, Taylor, 62, Philadelphia, France, Operations
439, Emma, Moore, 31, Phoenix, Chile, Finance
440, Emily, Davis, 52, Los Angeles, Chile, Customer Service
441, Emily, Brown, 32, Phoenix, Germany, Legal
442, Emily, Williams, 45, Philadelphia, Canada, Customer Service
443, William, Miller, 64, Phoenix, Canada, Engineering
444, William, Wilson, 44, San Antonio, Chile, Marketing
445, David, Smith, 34, Los Angeles, UK, Operations
446, Michael, Miller, 23, Chicago, France, Marketing
447, Emily, Smith, 53, Chicago, Mexico, HR
448, Jane, Brown, 52, San Antonio, Chile, HR
449, Emma, Brown, 18, Chicago, Germany, Finance
450, Jane, Moore, 29, Philadelphia, France, Sales
451, Olivia, Jones, 55, Dallas, Chile, Administration
452, Emma, Jones, 38, Dallas, France, Legal
453, Emily, Brown, 63, San Jose, Italy, IT
454, David, Davis, 38, Phoenix, Canada, Customer Service
455, Michael, Smith, 25, Dallas, France, Sales
456, John, Taylor, 20, New York, UK, HR
457, William, Williams, 39, New York, Brazil, Operations
458, Emily, Brown, 56, Phoenix, UK, Administration
459, Michael, Moore, 48, San Jose, UK, Sales
460, John, Williams, 53, San Diego, France, Customer Service
461, William, Taylor, 34, Houston, UK, Operations
462, Jane, Johnson, 32, San Diego, Mexico, Marketing
463, Emily, Smith, 23, San Antonio, Mexico, IT
464, William, Williams, 22, San Antonio, Germany, Customer Service
465, William, Taylor, 60, Dallas, Germany, Marketing
466, Jane, Miller, 56, Los Angeles, Germany, Customer Service
467, Olivia, Miller, 35, Dallas, Mexico, Customer Service
468, Sarah, Wilson, 55, Los Angeles, UK, Administration
469, Sarah, Wilson, 38, Phoenix, Canada, IT
470, John, Miller, 57, Phoenix, Argentina, Marketing
471, Sarah, Williams, 35, San Diego, Brazil, Finance
472, James, Brown, 45, Los Angeles, Italy, HR
473, Jane, Moore, 42, New York, Argentina, Administration
474, William, Johnson, 21, Houston, Germany, Marketing
475, Jane, Johnson, 30, Los Angeles, UK, HR
476, David, Smith, 63, San Jose, Italy, Engineering
477, Sarah, Brown, 33, San Jose, Argentina, Legal
478, James, Jones, 38, Los Angeles, USA, Administration
479, Jane, Johnson, 39, Chicago, Chile, Marketing
480, Sarah, Smith, 37, New York, UK, Customer Service
481, Michael, Miller, 52, Los Angeles, Mexico, Administration
482, Michael, Jones, 59, San Diego, Mexico, Marketing
483, Sarah, Jones, 35, San Jose, France, Customer Service
484, James, Davis, 64, San Jose, Brazil, Customer Service
485, Sarah, Johnson, 53, Philadelphia, Germany, Legal
486, Olivia, Miller, 24, Dallas, France, Customer Service
487, Emma, Taylor, 56, San Jose, Argentina, Sales
488, David, Brown, 31, Philadelphia, UK, Finance
489, Emily, Williams, 32, New York, France, Marketing
490, William, Taylor, 18, San Antonio, Chile, Sales
491, James, Brown, 62, San Antonio, Canada, Administration
492, William, Jones, 57, San Jose, Chile, Finance
493, David, Moore, 21, Dallas, USA, IT
494, Olivia, Jones, 22, Chicago, France, HR
495, William, Brown, 22, Philadelphia, Germany, Engineering
496, William, Moore, 63, Chicago, Canada, Sales
497, Sarah, Miller, 35, Chicago, Germany, Customer Service
498, Emma, Davis, 18, Phoenix, Mexico, Customer Service
499, Olivia, Smith, 49, Dallas, Argentina, Customer Service
500, David, Miller, 34, San Diego, France, Administration
501, Emma, Williams, 60, Chicago, USA, Marketing
502, Emily, Johnson, 58, San Diego, UK, Customer Service
503, James, Johnson, 19, Dallas, USA, Finance
504, Michael, Smith, 48, Houston, USA, Sales
505, David, Davis, 53, Houston, Canada, Engineering
506, James, Moore, 59, Houston, Germany, Administration
507, Michael, Miller, 29, New York, USA, Marketing
508, Michael, Moore, 24, Phoenix, Brazil, Customer Service
509, John, Smith, 48, New York, Mexico, Operations
510, Emma, Wilson, 59, Los Angeles, Argentina, Customer Service
511, Sarah, Taylor, 48, Dallas, Argentina, Engineering
512, Michael, Davis, 55, Phoenix, Argentina, Sales
513, David, Taylor, 59, Phoenix, Mexico, IT
514, Jane, Davis, 52, San Antonio, UK, Sales
515, Emily, Taylor, 20, San Antonio, Germany, Finance
516, Sarah, Smith, 22, New York, Argentina, Finance
517, Michael, Jones, 20, San Diego, USA, Administration
518, David, Brown, 49, Houston, France, Sales
519, William, Johnson, 39, San Antonio, Chile, HR
520, Emily, Johnson, 31, San Diego, Argentina, HR
521, William, Smith, 33, San Jose, UK, Engineering
522, Jane, Smith, 28, Dallas, Argentina, Customer Service
523, Sarah, Johnson, 38, Dallas, Mexico, Customer Service
524, Sarah, Williams, 62, San Jose, France, Customer Service
525, David, Davis, 36, San Diego, Germany, Operations
526, James, Miller, 63, Chicago, Germany, HR
527, James, Jones, 18, San Antonio, Mexico, Operations
528, William, Miller, 48, Phoenix, Germany, Legal
529, Emily, Smith, 20, Dallas, Brazil, Customer Service
530, James, Jones, 63, Los Angeles, UK, Finance
531, James, Moore, 63, New York, USA, Legal
532, Jane, Smith, 43, Los Angeles, Canada, Legal
533, James, Johnson, 31, New York, Chile, Customer Service
534, James, Jones, 58, San Antonio, Canada, Administration
535, John, Miller, 52, San Antonio, France, HR
536, Jane, Davis, 35, Philadelphia, Canada, HR
537, Olivia, Jones, 39, New York, Canada, Customer Service
538, Michael, Jones, 55, Chicago, Canada, Administration
539, William, Wilson, 39, San Antonio, UK, Operations
540, William, Miller, 28, Dallas, Brazil, Customer Service
541, Jane, Williams, 35, New York, Argentina, Engineering
542, Emma, Miller, 22, San Antonio, UK, Operations
543, James, Smith, 36, San Jose, Brazil, Operations
544, John, Taylor, 50, Houston, France, Legal
545, John, Taylor, 35, San Diego, Germany, Engineering
546, Emily, Moore, 47, Chicago, Argentina, Sales
547, Sarah, Davis, 54, New York, Mexico, IT
548, William, Miller, 21, San Diego, France, Marketing
549, William, Jones, 56, Chicago, Argentina, Customer Service
550, Olivia, Miller, 49, San Diego, UK, Operations
551, James, Johnson, 64, Dallas, Brazil, Sales
552, Emma, Williams, 24, Phoenix, Italy, Sales
553, John, Moore, 50, Dallas, Germany, Customer Service
554, Jane, Wilson, 61, San Diego, France, Finance
555, James, Williams, 31, Houston, France, HR
556, Michael, Jones, 44, Phoenix, UK, Administration
557, Emily, Smith, 51, San Antonio, Argentina, Sales
558, Michael, Wilson, 56, New York, Germany, Engineering
559, David, Taylor, 56, New York, Italy, HR
560, Olivia, Davis, 29, San Antonio, Italy, Customer Service
561, James, Taylor, 37, Phoenix, Italy, Operations
562, Emma, Johnson, 34, Chicago, Italy, Engineering
563, Jane, Williams, 40, Los Angeles, France, Finance
564, James, Jones, 39, Dallas, Chile, Sales
565, Olivia, Taylor, 34, Philadelphia, Mexico, Finance
566, William, Davis, 21, New York, Argentina, Marketing
567, Sarah, Johnson, 42, Los Angeles, France, Engineering
568, William, Miller, 32, San Jose, Italy, Legal
569, Jane, Smith, 19, Los Angeles, Germany, Administration
570, Michael, Jones, 49, Houston, Germany, HR
571, Sarah, Moore, 24, Philadelphia, UK, Customer Service
572, Michael, Johnson, 36, San Diego, USA, Marketing
573, David, Williams, 61, San Diego, Canada, IT
574, John, Davis, 62, New York, Chile, Finance
575, Sarah, Brown, 27, Philadelphia, Mexico, Administration
576, Emma, Brown, 34, Dallas, UK, Operations
577, Michael, Brown, 44, Philadelphia, Italy, IT
578, David, Davis, 61, New York, USA, Finance
579, David, Miller, 47, Phoenix, UK, HR
580, Jane, Jones, 44, Phoenix, Argentina, Engineering
581, James, Smith, 57, Dallas, Italy, IT
582, Emma, Johnson, 62, Houston, Germany, Legal
583, Emily, Williams, 58, Houston, Canada, Finance
584, Olivia, Jones, 57, Los Angeles, Canada, Sales
585, Emily, Wilson, 37, Phoenix, Germany, Customer Service
586, David, Wilson, 50, Phoenix, Canada, Operations
587, David, Jones, 24, Phoenix, Germany, Operations
588, John, Brown, 61, Houston, Argentina, HR
589, Sarah, Johnson, 60, Philadelphia, USA, Marketing
590, William, Smith, 23, San Antonio, Mexico, Legal
591, Sarah, Wilson, 48, Chicago, Mexico, Marketing
592, Emma, Taylor, 40, San Diego, Argentina, Customer Service
593, Michael, Smith, 61, Philadelphia, Argentina, HR
594, Olivia, Davis, 27, San Antonio, Brazil, IT
595, Emma, Williams, 26, Phoenix, Germany, HR
596, Olivia, Miller, 26, San Diego, Germany, Marketing
597, John, Jones, 56, San Jose, UK, Marketing
598, Emma, Smith, 61, San Diego, Mexico, Legal
599, John, Wilson, 59, Dallas, Canada, HR
600, James, Taylor, 55, Chicago, Argentina, Administration
601, William, Johnson, 44, Philadelphia, Canada, Operations
602, Emily, Wilson, 52, Philadelphia, France, IT
603, Jane, Wilson, 44, New York, UK, Legal
604, James, Wilson, 37, New York, France, Engineering
605, Michael, Williams, 46, Los Angeles, Mexico, Engineering
606, Emily, Taylor, 35, Los Angeles, Brazil, Sales
607, Sarah, Moore, 23, Houston, Germany, Administration
608, James, Moore, 48, New York, Brazil, HR
609, Jane, Moore, 48, San Antonio, Canada, HR
610, James, Williams, 48, Dallas, France, Finance
611, Emily, Williams, 58, Houston, UK, Finance
612, James, Moore, 42, New York, Argentina, Administration
613, Jane, Jones, 37, Houston, Canada, Sales
614, Olivia, Wilson, 63, San Jose, France, Operations
615, Emma, Johnson, 55, New York, UK, Marketing
616, William, Johnson, 46, Los Angeles, Mexico, Engineering
617, Emily, Miller, 52, Dallas, Italy, Marketing
618, Michael, Wilson, 37, Chicago, Argentina, Operations
619, William, Brown, 24, Dallas, USA, Sales
620, John, Taylor, 31, San Jose, Italy, Administration
621, David, Taylor, 30, San Antonio, Italy, Customer Service
622, John, Johnson, 19, Phoenix, Germany, Finance
623, Jane, Davis, 39, Houston, USA, IT
624, James, Taylor, 62, Los Angeles, Argentina, Engineering
625, Sarah, Brown, 25, San Antonio, Italy, Marketing
626, Olivia, Smith, 35, Philadelphia, Brazil, Legal
627, William, Miller, 61, San Jose, Mexico, HR
628, Emma, Smith, 62, Chicago, France, Operations
629, David, Williams, 20, San Diego, Canada, Operations
630, Olivia, Moore, 21, Dallas, Canada, Engineering
631, David, Johnson, 49, Houston, UK, HR
632, Emma, Williams, 40, Phoenix, UK, Finance
633, James, Jones, 24, Houston, Mexico, Engineering
634, William, Smith, 28, Houston, France, Administration
635, David, Brown, 22, San Diego, Brazil, Engineering
636, Emma, Smith, 21, Philadelphia, Brazil, Legal
637, Emma, Johnson, 60, Philadelphia, Chile, Operations
638, John, Williams, 51, Philadelphia, Brazil, Legal
639, Jane, Davis, 41, Philadelphia, Argentina, Operations
640, John, Davis, 54, San Jose, Mexico, Customer Service
641, Sarah, Miller, 31, Phoenix, USA, Legal
642, James, Miller, 62, San Diego, Germany, Legal
643, James, Wilson, 30, San Diego, Italy, Engineering
644, William, Smith, 46, Philadelphia, Brazil, HR
645, Michael, Wilson, 45, Philadelphia, USA, Marketing
646, Olivia, Wilson, 54, San Antonio, Canada, IT
647, Emma, Moore, 41, Chicago, Chile, Administration
648, David, Williams, 40, San Diego, Italy, HR
649, William, Williams, 34, San Diego, Mexico, HR
650, David, Taylor, 32, San Diego, USA, Operations
651, Emily, Wilson, 58, Houston, Italy, Engineering
652, Olivia, Johnson, 21, Phoenix, Chile, HR
653, Emily, Taylor, 44, Philadelphia, Argentina, Finance
654, William, Smith, 55, Philadelphia, Italy, Engineering
655, Sarah, Miller, 37, New York, Brazil, Legal
656, Olivia, Taylor, 23, Philadelphia, France, Marketing
657, John, Johnson, 22, Philadelphia, Italy, Sales
658, Michael, Davis, 61, San Diego, France, Legal
659, Sarah, Taylor, 61, New York, Mexico, Customer Service
660, Michael, Williams, 23, San Jose, France, HR
661, Olivia, Moore, 55, Chicago, Italy, Engineering
662, Sarah, Wilson, 50, San Diego, Brazil, Sales
663, James, Davis, 44, San Diego, UK, Sales
664, David, Moore, 38, New York, Argentina, IT
665, James, Williams, 40, Chicago, Canada, Administration
666, Olivia, Williams, 30, Dallas, Mexico, Operations
667, James, Smith, 34, San Diego, USA, Marketing
668, John, Moore, 46, Philadelphia, Italy, Legal
669, Emma, Wilson, 59, Phoenix, Brazil, Legal
670, David, Johnson, 59, Philadelphia, Argentina, Engineering
671, John, Davis, 53, Los Angeles, UK, Operations
672, James, Brown, 24, Houston, France, Finance
673, David, Wilson, 45, New York, Italy, Finance
674, Emma, Taylor, 23, Philadelphia, France, HR
675, David, Jones, 51, Los Angeles, UK, Customer Service
676, James, Moore, 48, Chicago, USA, Administration
677, Olivia, Wilson, 35, San Jose, Chile, Sales
678, Jane, Smith, 18, New York, Chile, HR
679, Emma, Wilson, 57, Los Angeles, UK, Administration
680, James, Williams, 41, New York, UK, Sales
681, David, Williams, 21, Houston, France, Finance
682, Sarah, Smith, 49, San Antonio, UK, Sales
683, Emily, Smith, 40, San Antonio, Mexico, HR
684, James, Moore, 40, San Diego, France, Finance
685, William, Johnson, 45, San Antonio, Mexico, Sales
686, John, Williams, 32, Phoenix, Brazil, HR
687, John, Brown, 60, Philadelphia, Brazil, Legal
688, James, Jones, 47, Los Angeles, France, Customer Service
689, William, Wilson, 20, Dallas, Brazil, Engineering
690, John, Johnson, 58, San Diego, Italy, Legal
691, Olivia, Miller, 24, Los Angeles, Chile, Finance
692, Michael, Jones, 59, Houston, Italy, Finance
693, Sarah, Brown, 25, Los Angeles, Italy, Engineering
694, John, Davis, 32, San Antonio, France, IT
695, Olivia, Moore, 40, Houston, UK, Customer Service
696, Emily, Wilson, 52, Philadelphia, UK, Legal
697, David, Williams, 62, Dallas, Canada, Operations
698, David, Miller, 30, Houston, Brazil, HR
699, Emma, Taylor, 64, New York, Germany, Engineering
700, Olivia, Johnson, 37, San Diego, Argentina, Marketing
701, Sarah, Jones, 62, San Antonio, UK, Sales
702, John, Smith, 49, Houston, Argentina, Customer Service
703, Jane, Moore, 34, Dallas, France, Marketing
704, Emma, Miller, 33, Dallas, Canada, Engineering
705, Michael, Williams, 28, Chicago, Italy, Engineering
706, William, Miller, 59, San Diego, Brazil, Administration
707, Emily, Wilson, 19, Phoenix, Mexico, Customer Service
708, John, Williams, 47, Los Angeles, Brazil, HR
709, Sarah, Wilson, 24, Chicago, Chile, Marketing
710, Michael, Johnson, 36, New York, USA, Customer Service
711, Sarah, Wilson, 29, San Antonio, Mexico, IT
712, Sarah, Williams, 18, San Antonio, UK, Legal
713, Emma, Miller, 27, Phoenix, Germany, Marketing
714, Emily, Taylor, 36, Phoenix, Canada, IT
715, Sarah, Miller, 19, Chicago, Brazil, Marketing
716, Emily, Davis, 29, San Jose, UK, Legal
717, James, Johnson, 45, Chicago, Chile, Customer Service
718, Olivia, Taylor, 59, Philadelphia, Canada, IT
719, John, Williams, 47, New York, Canada, IT
720, James, Miller, 38, San Jose, Argentina, Sales
721, Emma, Johnson, 28, Philadelphia, Chile, HR
722, Olivia, Wilson, 50, New York, UK, HR
723, Olivia, Moore, 60, Phoenix, Canada, Sales
724, Jane, Johnson, 20, New York, Italy, Customer Service
725, John, Smith, 33, Chicago, Argentina, Finance
726, Sarah, Johnson, 28, New York, USA, Legal
727, Michael, Williams, 55, New York, Mexico, Finance
728, Jane, Brown, 50, Los Angeles, Canada, HR
729, David, Miller, 18, New York, Brazil, Sales
730, Emma, Moore, 57, Philadelphia, France, Sales
731, David, Smith, 19, Los Angeles, France, Operations
732, Emma, Miller, 31, Phoenix, Chile, IT
733, David, Taylor, 57, San Diego, Italy, Sales
734, David, Moore, 40, Dallas, Argentina, Legal
735, William, Taylor, 51, New York, Germany, HR
736, William, Moore, 57, Los Angeles, USA, HR
737, Michael, Williams, 48, New York, Germany, Engineering
738, Jane, Miller, 41, Chicago, Argentina, Customer Service
739, Olivia, Jones, 47, Philadelphia, Argentina, IT
740, Sarah, Smith, 56, San Antonio, France, Finance
741, Emma, Taylor, 57, New York, USA, Engineering
742, James, Williams, 38, New York, USA, HR
743, Jane, Miller, 27, Houston, Italy, Finance
744, David, Smith, 60, Dallas, Argentina, Operations
745, John, Moore, 53, Phoenix, Brazil, IT
746, David, Johnson, 63, San Jose, USA, Finance
747, Emma, Smith, 28, Philadelphia, Germany, Customer Service
748, William, Moore, 27, New York, France, Administration
749, Olivia, Brown, 50, Dallas, Argentina, Finance
750, Sarah, Wilson, 24, Los Angeles, UK, Customer Service
751, Michael, Johnson, 19, San Antonio, Canada, Engineering
752, David, Wilson, 48, Philadelphia, Italy, Marketing
753, Olivia, Williams, 63, Dallas, Brazil, Engineering
754, David, Wilson, 63, Houston, Chile, Engineering
755, William, Smith, 61, Los Angeles, France, Engineering
756, James, Jones, 30, San Jose, Germany, Administration
757, Michael, Jones, 25, Philadelphia, Argentina, Operations
758, David, Jones, 39, Los Angeles, Chile, Engineering
759, William, Moore, 53, Phoenix, USA, Operations
760, William, Jones, 51, San Diego, Italy, Operations
761, James, Brown, 50, San Antonio, Germany, Customer Service
762, Emily, Johnson, 48, Houston, UK, Sales
763, Emily, Jones, 59, Chicago, Canada, Engineering
764, Michael, Johnson, 58, New York, Argentina, Sales
765, James, Davis, 30, Philadelphia, USA, IT
766, Michael, Smith, 27, Philadelphia, France, IT
767, Emma, Williams, 55, Chicago, Argentina, Finance
768, Olivia, Jones, 23, Los Angeles, Canada, Engineering
769, James, Williams, 47, New York, Chile, HR
770, Emma, Williams, 29, Dallas, Brazil, Engineering
771, Michael, Williams, 39, Los Angeles, France, HR
772, James, Jones, 64, San Diego, Brazil, Engineering
773, Emily, Moore, 34, San Diego, Chile, IT
774, John, Moore, 64, Phoenix, Italy, Operations
775, Michael, Moore, 64, Houston, Brazil, IT
776, Emma, Taylor, 34, San Diego, USA, Legal
777, William, Brown, 44, San Jose, UK, Finance
778, William, Davis, 59, San Antonio, France, Legal
779, John, Brown, 53, San Antonio, Mexico, Administration
780, Sarah, Davis, 32, Chicago, Germany, Engineering
781, Michael, Johnson, 25, San Antonio, Germany, Marketing
782, James, Brown, 25, New York, Canada, IT
783, Emily, Williams, 46, San Jose, Canada, Administration
784, Emily, Wilson, 29, Philadelphia, USA, Administration
785, Emily, Jones, 35, Los Angeles, Canada, Legal
786, William, Williams, 30, Phoenix, Argentina, Legal
787, David, Miller, 30, San Jose, Mexico, Legal
788, Michael, Jones, 37, Dallas, France, Legal
789, Jane, Jones, 56, San Jose, Chile, Administration
790, Olivia, Miller, 47, New York, UK, Administration
791, John, Smith, 64, New York, Italy, Customer Service
792, David, Jones, 50, San Diego, Brazil, Finance
793, Sarah, Davis, 46, Los Angeles, Brazil, Marketing
794, William, Moore, 29, Philadelphia, Argentina, Operations
795, Emily, Jones, 49, New York, Chile, IT
796, John, Moore, 42, San Jose, UK, Engineering
797, Jane, Moore, 64, New York, Mexico, Operations
798, John, Brown, 64, San Antonio, Italy, Administration
799, Sarah, Wilson, 52, Philadelphia, Chile, Administration
800, John, Smith, 20, Phoenix, France, IT
801, James, Smith, 24, Dallas, Argentina, Engineering
802, John, Wilson, 34, Philadelphia, UK, Engineering
803, Emma, Williams, 29, Houston, France, Administration
804, John, Jones, 33, Dallas, Italy, Administration
805, John, Wilson, 18, San Antonio, Germany, HR
806, Emma, Moore, 45, Philadelphia, Chile, Sales
807, John, Johnson, 42, Phoenix, USA, Customer Service
808, John, Wilson, 54, San Diego, France, Finance
809, Jane, Wilson, 64, Philadelphia, USA, HR
810, Emma, Miller, 43, Dallas, Canada, Marketing
811, William, Miller, 24, San Jose, Brazil, Legal
812, David, Williams, 39, San Diego, UK, Legal
813, William, Smith, 37, San Diego, Italy, Customer Service
814, Emma, Jones, 59, Phoenix, France, Finance
815, Emma, Taylor, 40, Dallas, France, Administration
816, Emily, Brown, 46, Chicago, France, Marketing
817, Olivia, Jones, 47, San Jose, Chile, HR
818, James, Williams, 26, New York, Chile, Sales
819, Michael, Smith, 37, San Antonio, Italy, HR
820, David, Smith, 47, New York, France, Customer Service
821, Olivia, Brown, 28, Chicago, UK, Sales
822, Jane, Moore, 40, San Diego, Argentina, Marketing
823, Emily, Smith, 64, Philadelphia, Chile, Engineering
824, Emma, Williams, 37, San Antonio, Mexico, Operations
825, James, Miller, 51, San Jose, Chile, Operations
826, John, Johnson, 18, Houston, Canada, Operations
827, William, Wilson, 60, San Antonio, UK, Operations
828, John, Smith, 53, Chicago, UK, Customer Service
829, John, Smith, 35, Chicago, Chile, Customer Service
830, William, Smith, 27, Chicago, USA, Operations
831, Emma, Johnson, 64, Chicago, USA, Customer Service
832, John, Moore, 50, Los Angeles, Italy, IT
833, Olivia, Johnson, 18, San Diego, USA, Legal
834, Emma, Jones, 56, San Antonio, Argentina, HR
835, Michael, Wilson, 26, Chicago, Canada, Legal
836, Emily, Wilson, 26, Dallas, Brazil, HR
837, Jane, Miller, 25, San Antonio, Mexico, Finance
838, James, Johnson, 25, Philadelphia, Germany, Sales
839, Emma, Taylor, 43, San Diego, Mexico, Finance
840, Michael, Davis, 33, Dallas, Brazil, Engineering
841, John, Johnson, 62, Philadelphia, USA, HR
842, Emily, Wilson, 33, Phoenix, Brazil, Legal
843, James, Miller, 57, Houston, Mexico, Administration
844, James, Williams, 48, San Jose, France, Marketing
845, Emma, Brown, 56, New York, Chile, Customer Service
846, Michael, Brown, 30, Phoenix, Germany, Engineering
847, Sarah, Smith, 23, Philadelphia, Canada, Marketing
848, Michael, Davis, 51, Chicago, Argentina, HR
849, Michael, Miller, 35, Phoenix, USA, Operations
850, Jane, Wilson, 29, San Jose, Germany, Marketing
851, Jane, Brown, 19, Chicago, France, Operations
852, Michael, Williams, 43, Philadelphia, Chile, Legal
853, Jane, Johnson, 20, Chicago, Argentina, Marketing
854, Michael, Moore, 51, San Jose, Germany, HR
855, Emily, Jones, 46, San Antonio, Argentina, Marketing
856, James, Jones, 51, Dallas, USA, Customer Service
857, Sarah, Williams, 39, Philadelphia, Italy, Legal
858, Olivia, Moore, 57, Chicago, Brazil, HR
859, Jane, Moore, 50, Dallas, Mexico, Marketing
860, John, Williams, 24, San Jose, Germany, Operations
861, Sarah, Jones, 34, San Jose, Brazil, Operations
862, Emily, Miller, 62, San Jose, Chile, Legal
863, William, Moore, 51, San Diego, Canada, IT
864, William, Wilson, 47, Los Angeles, Germany, Marketing
865, David, Williams, 34, Dallas, UK, Operations
866, Jane, Johnson, 60, Houston, USA, Legal
867, William, Jones, 34, Houston, UK, Engineering
868, Emma, Jones, 32, San Jose, USA, Finance
869, Emily, Wilson, 38, Los Angeles, UK, Sales
870, James, Johnson, 61, San Antonio, USA, Engineering
871, Sarah, Taylor, 43, Dallas, Germany, Marketing
872, John, Brown, 57, Houston, Chile, Administration
873, David, Jones, 48, New York, Mexico, Sales
874, Emma, Johnson, 34, Phoenix, France, IT
875, Michael, Williams, 56, New York, Chile, Marketing
876, William, Miller, 49, San Diego, France, Operations
877, James, Williams, 64, Chicago, Argentina, HR
878, Sarah, Brown, 63, Los Angeles, France, HR
879, Olivia, Taylor, 64, Philadelphia, Argentina, Operations
880, David, Davis, 40, Dallas, UK, Operations
881, Emma, Moore, 26, Chicago, Argentina, Administration
882, Sarah, Miller, 57, San Antonio, France, Customer Service
883, William, Williams, 38, San Antonio, Argentina, Engineering
884, Emily, Moore, 30, Los Angeles, Chile, Customer Service
885, David, Taylor, 22, Philadelphia, Italy, Marketing
886, Sarah, Brown, 63, Chicago, Italy, Engineering
887, David, Davis, 23, Chicago, Argentina, Administration
888, Michael, Johnson, 57, Dallas, France, Legal
889, Emily, Brown, 44, Phoenix, Canada, Legal
890, Emma, Davis, 58, Philadelphia, Mexico, Legal
891, Sarah, Moore, 25, New York, Italy, Customer Service
892, Jane, Moore, 38, Dallas, Germany, Operations
893, James, Moore, 33, San Antonio, Mexico, Legal
894, Emma, Wilson, 62, New York, Argentina, Legal
895, Sarah, Jones, 40, Dallas, Germany, Finance
896, Emma, Johnson, 39, Los Angeles, Italy, Operations
897, Sarah, Jones, 30, Los Angeles, Mexico, IT
898, Emma, Wilson, 57, Dallas, Italy, Marketing
899, Jane, Taylor, 46, Los Angeles, Argentina, Marketing
900, David, Jones, 41, San Jose, Chile, IT
901, Emma, Williams, 48, Chicago, Canada, Customer Service
902, John, Wilson, 18, Philadelphia, Brazil, Customer Service
903, Olivia, Miller, 51, Phoenix, Argentina, Marketing
904, Emma, Miller, 58, San Jose, Chile, Customer Service
905, Emily, Taylor, 24, Chicago, Chile, Finance
906, Michael, Jones, 56, Los Angeles, Italy, Administration
907, Sarah, Johnson, 34, Dallas, Chile, IT
908, William, Wilson, 50, Los Angeles, Germany, Marketing
909, Sarah, Smith, 59, Los Angeles, Chile, HR
910, James, Johnson, 38, Dallas, USA, Engineering
911, Emily, Davis, 57, San Antonio, USA, Customer Service
912, Michael, Taylor, 37, Phoenix, Germany, HR
913, Sarah, Wilson, 59, Houston, USA, Marketing
914, James, Taylor, 58, San Jose, Canada, Sales
915, David, Wilson, 61, San Diego, Argentina, Customer Service
916, John, Moore, 64, Los Angeles, Italy, Finance
917, David, Johnson, 58, Chicago, UK, Finance
918, Michael, Jones, 55, San Diego, Chile, IT
919, Emily, Wilson, 21, San Jose, Brazil, HR
920, John, Moore, 34, Chicago, France, IT
921, David, Moore, 39, San Diego, Italy, Engineering
922, Jane, Taylor, 60, San Jose, Canada, Customer Service
923, Sarah, Williams, 52, San Antonio, Canada, IT
924, William, Williams, 32, Philadelphia, Brazil, Legal
925, Jane, Moore, 39, San Jose, Mexico, HR
926, Emma, Smith, 27, Dallas, Argentina, Legal
927, Michael, Wilson, 20, Philadelphia, Chile, Sales
928, Sarah, Johnson, 49, Dallas, Italy, Administration
929, David, Williams, 38, Houston, Argentina, HR
930, Michael, Taylor, 39, Chicago, Italy, Customer Service
931, Michael, Miller, 42, San Antonio, Canada, Marketing
932, Olivia, Davis, 57, Chicago, Brazil, Administration
933, Michael, Brown, 39, Dallas, Chile, Administration
934, Emma, Brown, 47, San Jose, France, Customer Service
935, James, Johnson, 55, Chicago, Brazil, Marketing
936, James, Taylor, 40, Los Angeles, UK, Operations
937, Michael, Brown, 35, San Diego, Germany, Operations
938, David, Wilson, 20, San Antonio, Brazil, Operations
939, William, Jones, 57, Chicago, USA, HR
940, James, Williams, 24, Philadelphia, Italy, Administration
941, John, Smith, 55, Phoenix, Brazil, Operations
942, John, Moore, 40, San Antonio, Mexico, Engineering
943, James, Jones, 61, San Diego, Canada, Sales
944, Emily, Taylor, 29, Phoenix, UK, Sales
945, Jane, Davis, 28, San Diego, Argentina, Operations
946, Sarah, Moore, 30, San Jose, Germany, Administration
947, James, Brown, 44, Philadelphia, Argentina, Administration
948, David, Smith, 53, New York, USA, Operations
949, Emily, Wilson, 57, Phoenix, UK, Marketing
950, Emma, Williams, 56, San Antonio, Argentina, Engineering
951, Michael, Miller, 26, New York, Chile, Operations
952, James, Smith, 45, Chicago, Canada, Marketing
953, David, Taylor, 26, San Jose, Canada, Administration
954, John, Jones, 24, San Jose, Mexico, Finance
955, David, Brown, 42, Houston, Canada, IT
956, Sarah, Moore, 40, Houston, USA, Customer Service
957, David, Wilson, 39, Los Angeles, UK, Administration
958, Michael, Williams, 19, New York, Italy, Customer Service
959, John, Taylor, 42, Philadelphia, Chile, IT
960, David, Williams, 47, Houston, Mexico, Finance
961, Sarah, Davis, 49, Los Angeles, UK, Operations
962, Michael, Moore, 47, Los Angeles, Brazil, Administration
963, Emma, Miller, 49, San Diego, France, Customer Service
964, Michael, Smith, 40, San Diego, Chile, Marketing
965, John, Davis, 48, San Jose, France, Customer Service
966, William, Johnson, 56, San Jose, UK, Administration
967, Emma, Jones, 54, Chicago, Argentina, Engineering
968, Jane, Miller, 64, Philadelphia, Germany, Sales
969, Emily, Williams, 58, Dallas, Mexico, Sales
970, David, Johnson, 34, San Diego, Mexico, Sales
971, David, Miller, 20, Phoenix, France, Engineering
972, Michael, Johnson, 34, Los Angeles, Brazil, Engineering
973, William, Smith, 25, Phoenix, Canada, HR
974, Emily, Johnson, 36, San Antonio, Mexico, Engineering
975, John, Brown, 30, Philadelphia, UK, Legal
976, David, Davis, 38, Houston, UK, Operations
977, David, Williams, 32, Philadelphia, USA, Engineering
978, Sarah, Johnson, 60, Dallas, Mexico, Sales
979, William, Taylor, 25, Philadelphia, France, Operations
980, Sarah, Taylor, 63, Los Angeles, USA, Sales
981, Olivia, Miller, 34, San Antonio, Italy, Operations
982, Michael, Davis, 23, Dallas, France, Marketing
983, William, Williams, 53, Philadelphia, Italy, Engineering
984, Jane, Wilson, 26, Chicago, Italy, IT
985, James, Brown, 35, Houston, Mexico, IT
986, William, Moore, 54, San Diego, Canada, Administration
987, Michael, Smith, 19, San Antonio, Brazil, Customer Service
988, Olivia, Moore, 38, Phoenix, Argentina, Marketing
989, David, Smith, 53, Dallas, France, Customer Service
990, Emma, Wilson, 51, New York, Germany, Engineering
991, Jane, Brown, 63, San Jose, Argentina, IT
992, Emma, Davis, 58, San Jose, Germany, IT
993, Jane, Brown, 64, Philadelphia, Canada, Sales
994, Michael, Taylor, 24, San Jose, USA, Administration
995, Michael, Moore, 31, Chicago, France, Marketing
996, David, Taylor, 42, Chicago, Italy, Finance
997, William, Jones, 27, New York, France, Administration
998, Sarah, Johnson, 57, Phoenix, Italy, HR
999, William, Miller, 31, Dallas, France, Marketing
1000, James, Moore, 33, San Diego, Brazil, Operations
